{
  "project_info": {
    "project_number": "103264174259",
    "firebase_url": "https://terrierexchange.firebaseio.com",
    "project_id": "terrierexchange",
    "storage_bucket": "terrierexchange.appspot.com"
  },
  "client": [
    {
      "client_info": {
        "mobilesdk_app_id": "1:103264174259:android:dc02d2d45ef64e09d4f0c6",
        "android_client_info": {
          "package_name": "com.example.terrierexchange"
        }
      },
      "oauth_client": [
        {
          "client_id": "103264174259-tt85k1qj1lio96foimj4rdd1jls7h5uo.apps.googleusercontent.com",
          "client_type": 1,
          "android_info": {
            "package_name": "com.example.terrierexchange",
            "certificate_hash": "e4a6496c9c329a271f775cb0ac153e1d69739024"
          }
        },
        {
          "client_id": "103264174259-ep9cd1553vomgob0u53tur85eod258ts.apps.googleusercontent.com",
          "client_type": 3
        }
      ],
      "api_key": [
        {
          "current_key": "AIzaSyCb3-dUyC7PFzV0gNwx11Z1ssDZnKEYtN4"
        }
      ],
      "services": {
        "appinvite_service": {
          "other_platform_oauth_client": [
            {
              "client_id": "103264174259-ep9cd1553vomgob0u53tur85eod258ts.apps.googleusercontent.com",
              "client_type": 3
            }
          ]
        }
      }
    }
  ],
  "configuration_version": "1"
}